City_ID,province,prefecture_cn,match_key,source_prefecture,index_2000,index_2010,index_2020,z_2000,z_2010,z_2020,source_2000,source_2010,source_2020,quality,note
27,Gansu,白银市,白银,白银,2.267918293,1.184171651,0.42374707,0.880484357975886,0.32335998490515366,0.11738872447078363,trimmed,trimmed,trimmed,trimmed,
28,Gansu,定西市,定西,定西,4.991797345,4.023872909,2.580033849,2.111198887584025,1.740577800311456,1.1496020324855432,trimmed,trimmed,trimmed,trimmed,
29,Gansu,甘南藏族自治州,甘南,甘南,3.143409915,2.866409626,3.032744449,1.2760526777052292,1.1629192946059708,1.3663143504157484,trimmed,trimmed,trimmed,trimmed,
33,Gansu,兰州市,兰州,兰州,-0.783241998,-1.226359441,-1.238685116,-0.4981037623519682,-0.8796706502889409,-0.6784166585483867,trimmed,trimmed,trimmed,trimmed,
34,Gansu,临夏回族自治州,临夏,临夏,5.712674403,5.193761158,5.616887804,2.436908602444657,2.324437269277218,2.6033423685933386,trimmed,trimmed,trimmed,trimmed,
36,Gansu,平凉市,平凉,平凉,4.084808751,2.835422142,1.54212475,1.701399473030336,1.1474542824834113,0.652755511451706,trimmed,trimmed,trimmed,trimmed,
37,Gansu,庆阳市,庆阳,庆阳,3.733942771,2.447568954,0.661791845,1.5428697250908527,0.9538872844595191,0.23134062875891873,trimmed,trimmed,trimmed,trimmed,
38,Gansu,天水市,天水,天水,3.95286443,2.702043683,2.424364737,1.6417838330353263,1.0808887140970485,1.0750833132603763,trimmed,trimmed,trimmed,trimmed,
39,Gansu,武威市,武威,武威,2.977770746,3.368073602,1.752970921,1.2012128892752554,1.413286167576085,0.7536874588019965,trimmed,trimmed,trimmed,trimmed,
97,Henan,安阳市,安阳,安阳,1.029645368,1.506461361,1.309284642,0.32100265877969514,0.4842060307514772,0.5412950784249569,trimmed,trimmed,trimmed,trimmed,
99,Henan,济源市,济源,济源,1.993831428,2.309447301,3.732473196,0.7566452738276502,0.8849545166997045,1.7012741209286728,trimmed,trimmed,trimmed,trimmed,
100,Henan,焦作市,焦作,焦作,2.745026843,3.870863203,4.045813266,1.0960535567088963,1.664214809429096,1.8512698419701346,trimmed,trimmed,trimmed,trimmed,
102,Henan,洛阳市,洛阳,洛阳,0.487978523,0.689892982,1.028410305,0.07626445872671439,0.07667891818777753,0.4068406861081442,trimmed,trimmed,trimmed,trimmed,
106,Henan,濮阳市,濮阳,濮阳,1.361817112,2.321841687,1.412983657,0.47108589810924933,0.8911402183120614,0.5909357404897045,trimmed,trimmed,trimmed,trimmed,
107,Henan,三门峡市,三门峡,三门峡,0.151846226,0.062982981,-0.098450344,-0.07560825437510736,-0.23619484611070032,-0.1325868935180576,trimmed,trimmed,trimmed,trimmed,
109,Henan,新乡市,新乡,新乡,2.672655906,3.37468579,3.222041939,1.0633546145066506,1.416586131121904,1.4569309558945465,trimmed,trimmed,trimmed,trimmed,
112,Henan,郑州市,郑州,郑州,0.37115711,-0.227738211,0.944495652,0.023481714851619203,-0.3812859015369808,0.3666707873694382,trimmed,trimmed,trimmed,trimmed,
207,Neimeng,巴彦淖尔市,巴彦淖尔,巴彦淖尔,-0.973778353,-0.253631887,-0.918799542,-0.5841927024408816,-0.39420873235595366,-0.5252876083030992,trimmed,trimmed,trimmed,trimmed,
208,Neimeng,包头市,包头,包头,-3.373978965,-2.794101209,-2.388265536,-1.6686614731793654,-1.6620880110260379,-1.228720180191969,trimmed,trimmed,trimmed,trimmed,
210,Neimeng,鄂尔多斯市,鄂尔多斯,鄂尔多斯,-2.170272584,-2.020830048,-2.045900896,-1.1247977757839167,-1.2761693646818968,-1.0648304132818496,trimmed,trimmed,trimmed,trimmed,
211,Neimeng,呼和浩特市,呼和浩特,呼和浩特,-2.567667648,-2.419164505,-2.036695926,-1.3043504908357288,-1.4749672795541784,-1.0604239991506628,trimmed,trimmed,trimmed,trimmed,
214,Neimeng,乌海市,乌海,乌海,-3.585918653,-3.056673604,-3.162211385,-1.7644209575186927,-1.793130765956529,-1.5992076370556931,trimmed,trimmed,trimmed,trimmed,
215,Neimeng,乌兰察布市,乌兰察布,乌兰察布,-1.866365752,-2.34697533,-1.470610605,-0.9874853082883592,-1.438939621855587,-0.7894392639574193,trimmed,trimmed,trimmed,trimmed,
218,Ningxia,固原市,固原,固原,1.182452647,0.448039429,-0.843505336,0.390044688511926,-0.044023625104511466,-0.48924431285347997,trimmed,trimmed,trimmed,trimmed,
219,Ningxia,石嘴山市,石嘴山,石嘴山,-2.365689881,-2.30629354,-2.842018537,-1.2130920436876478,-1.418636444756168,-1.4459314949137732,trimmed,trimmed,trimmed,trimmed,
220,Ningxia,吴忠市,吴忠,吴忠,0.152063108,-1.619899784,-1.760170861,-0.0755102618345008,-1.076075952997972,-0.9280516009740998,trimmed,trimmed,trimmed,trimmed,
221,Ningxia,银川市,银川,银川,-3.173518427,-2.789672118,-2.624146016,-1.5780885468416417,-1.659877571933696,-1.3416360376410534,trimmed,trimmed,trimmed,trimmed,
222,Ningxia,中卫市,中卫,中卫,0.198500902,-0.835328852,-1.013002678,-0.054528541755268126,-0.6845178976751235,-0.5703825982566245,trimmed,trimmed,trimmed,trimmed,
223,Qinghai,果洛藏族自治州,果洛,果洛,-5.251093549,-9.759663643,-8.09839091,-2.5167873070235243,-5.1384111446581775,-3.9621540902254897,trimmed,with_outliers,with_outliers,with_outliers,2010/2020 波次去离群列为空，回退到 WithOutliers 列
224,Qinghai,海北藏族自治州,海北,海北,0.065309259,-1.60635639,-2.552618133,-0.11470775204073279,-1.06931681268214,-1.3073956789625278,trimmed,trimmed,trimmed,trimmed,
225,Qinghai,海东市,海东,海东,2.363487428,2.147407432,1.786953712,0.9236648079082062,0.8040848165839104,0.7699550023659152,trimmed,trimmed,trimmed,trimmed,
226,Qinghai,海南藏族自治州,海南,海南,0.338180959,-2.012818492,-3.250520817,0.008582291128508912,-1.2721710145525165,-1.6414813141107918,trimmed,trimmed,trimmed,trimmed,
228,Qinghai,黄南藏族自治州,黄南,黄南,0.377966087,-1.003678438,-0.910946038,0.026558175577551475,-0.7685366062710808,-0.5215281402108695,trimmed,trimmed,trimmed,trimmed,
229,Qinghai,西宁市,西宁,西宁,-0.420229548,-0.406108849,-0.912007342,-0.3340859450720077,-0.47030584516901913,-0.5220361858582844,trimmed,trimmed,trimmed,trimmed,
230,Qinghai,玉树藏族自治州,玉树,玉树,-3.281701219,-8.820383277,-5.486383297,-1.6269681525165764,-4.669641810346549,-2.711787466902393,trimmed,with_outliers,trimmed,with_outliers,2010 波次去离群列为空，回退到 WithOutliers 列
231,Shandong,滨州市,滨州,滨州,0.699453112,2.057552241,1.994089004,0.17181380007287692,0.7592405298360765,0.8691105539577487,trimmed,trimmed,trimmed,trimmed,
232,Shandong,德州市,德州,德州,-0.076839396,2.022214424,1.727420203,-0.17893395729177072,0.7416043846011233,0.7414563439958466,trimmed,trimmed,trimmed,trimmed,
233,Shandong,东营市,东营,东营,-0.606300107,-0.198903162,0.465320883,-0.418157130363978,-0.36689511129600477,0.13729008613633092,trimmed,trimmed,trimmed,trimmed,
234,Shandong,菏泽市,菏泽,菏泽,-0.82331746,0.215827386,0.61488124,-0.5162108267342669,-0.15991435247041608,0.20888454766636583,trimmed,trimmed,trimmed,trimmed,
235,Shandong,济南市,济南,济南,0.781200093,1.172379733,1.145373182,0.20874906604749127,0.31747495871786374,0.4628307516963048,trimmed,trimmed,trimmed,trimmed,
236,Shandong,济宁市,济宁,济宁,0.186390931,1.689154196,1.958879266,-0.06000011996351861,0.5753830655820489,0.8522556715324305,trimmed,trimmed,trimmed,trimmed,
237,Shandong,莱芜市,济南,济南,0.781200093,1.172379733,1.145373182,0.20874906604749127,0.31747495871786374,0.4628307516963048,substituted,substituted,substituted,substituted,莱芜 已并入 济南，用后者的值代入
238,Shandong,聊城市,聊城,聊城,-0.618206745,0.723886266,1.056078423,-0.42353683779798645,0.09364404349919712,0.4200853991423574,trimmed,trimmed,trimmed,trimmed,
242,Shandong,泰安市,泰安,泰安,-0.061252838,1.376545846,1.794408091,-0.17189157287198703,0.4193687237153986,0.7735234095377822,trimmed,trimmed,trimmed,trimmed,
247,Shandong,淄博市,淄博,淄博,-0.441066354,-0.158201065,0.336142073,-0.34350051870221227,-0.3465817995241101,0.07545226006694883,trimmed,trimmed,trimmed,trimmed,
249,Shanxi,晋城市,晋城,晋城,1.084008609,1.509354552,1.077488051,0.34556528777240453,0.48564994384515986,0.43033417641839955,trimmed,trimmed,trimmed,trimmed,
250,Shanxi,晋中市,晋中,晋中,-1.586592165,-0.823452816,-0.941306848,-0.8610768254048518,-0.6785908904773802,-0.5360618434405676,trimmed,trimmed,trimmed,trimmed,
251,Shanxi,临汾市,临汾,临汾,2.039546753,1.877176181,0.523769177,0.777300564914069,0.6692197345201506,0.16526925267629292,trimmed,trimmed,trimmed,trimmed,
252,Shanxi,吕梁市,吕梁,吕梁,-1.66776705,-1.596219662,-2.169255455,-0.8977536045501725,-1.064257846894434,-1.12388017356612,trimmed,trimmed,trimmed,trimmed,
253,Shanxi,朔州市,朔州,朔州,-1.092614913,-1.423430204,-1.494587912,-0.6378859385385941,-0.9780233187016802,-0.8009171877738577,trimmed,trimmed,trimmed,trimmed,
255,Shanxi,忻州市,忻州,忻州,-1.691228308,-1.341726704,-1.98895235,-0.9083539691597113,-0.9372473196578229,-1.037569175293574,trimmed,trimmed,trimmed,trimmed,
256,Shanxi,阳泉市,阳泉,阳泉,-1.025844476,-0.642487685,-0.517100634,-0.6077174378836742,-0.5882761058154313,-0.3329945595812174,trimmed,trimmed,trimmed,trimmed,
258,Shanxi,长治市,长治,长治,0.785456697,1.429292748,0.168711349,0.21067230283208405,0.44569327071177506,-0.004696736423905313,trimmed,trimmed,trimmed,trimmed,
260,Shaanxi,宝鸡市,宝鸡,宝鸡,1.34625956,1.877271393,1.375417933,0.4640566193028076,0.6692672522448619,0.5729530488479221,trimmed,trimmed,trimmed,trimmed,
262,Shaanxi,商洛市,商洛,商洛,-0.055589897,1.338158647,-0.066361197,-0.16933291896850466,0.40021071469839975,-0.11722583630673297,trimmed,trimmed,trimmed,trimmed,
263,Shaanxi,铜川市,铜川,铜川,-0.508344506,-0.434993842,0.188891296,-0.37389841729128115,-0.4847215611046869,0.004963393226424699,trimmed,trimmed,trimmed,trimmed,
264,Shaanxi,渭南市,渭南,渭南,2.932502464,2.734130433,2.126065451,1.1807595830438748,1.0969023400411084,0.9322876073370222,trimmed,trimmed,trimmed,trimmed,
265,Shaanxi,西安市,西安,西安,0.565172903,-0.034642492,-0.723377485,0.1111427493029187,-0.2849170696837925,-0.4317391759333717,trimmed,trimmed,trimmed,trimmed,
266,Shaanxi,咸阳市,咸阳,咸阳,1.804123845,2.233812257,1.56162249,0.6709307930016704,0.8472071193198355,0.6620890689822795,trimmed,trimmed,trimmed,trimmed,
